Vendor,Typ,Folder,Template filename,Notes
Rule By Art,Art and Illustration,Abstract Textures,Abstract_Textures.psdt,Phase 1 - Delivered
Rule By Art,Art and Illustration,Watercolor Textures,Watercolor.psdt,Phase 1 - Delivered
Creativedash,Mobile,Black iPhone-Compatible Mockup,presentation-mockup-iphone6s.psdt,Phase 1 - Delivered
Creativedash,Mobile,Nexus-Compatible Mockup,presentation-mockup-nexus6p.psdt,Phase 1 - Delivered
Supercrowds,Mobile,iPhone-Compatible Mockup on Wood,3D_iPhone_Wood.psdt,Phase 1 - Delivered
Collective Offset,Photo,Textured Geometric Masks,TEXTURED_GEOMETRIC_MASKS.psdt,Phase 1 - Delivered
Graphic Burger,Print,Cardboard Box Mockup,Cardboard-Box-MockUp.psdt,Phase 1 - Delivered
Graphic Burger,Print,Ceramic Mug Mockups,Mug-PSD.MockUp.psdt,Phase 1 - Delivered
Motionworks,Film and Video,Event Title Graphics,EventTitles.psdt,Phase 1 - Delivered
Motionworks,Film and Video,Sports Lower Thirds Set,SportLowerThirds.psdt,Phase 1 - Delivered
Motionworks,Film and Video,Sports Overlay Graphics,SportOverlays.psdt,Phase 1 - Delivered
Collective Offset,Photo,Textured Image Masks,TEXTURED_IMAGE_MASKS.psdt,Phase 1 - Delivered
Rule By Art,Art and Illustration,Mirror Elements,Mirror.psdt,Phase 1 - Delivered
Collective Offset,Photo,Vintage Photo Effects,VINTAGE_PHOTO_EFECTS.psdt,Phase 1 - Delivered
Supercrowds,Web,Desktop Mockup,3D_iMac.psdt,Phase 1 - Delivered
Supercrowds,Web,Laptop Mockups,3D_Macbook.psdt,Phase 1 - Delivered
Graphic Burger,Print,A4 Paper Mockup,A4-Paper-PSD-MockUp.psdt,Phase 1 - Delivered
Graphic Burger,Print,Brown Paper Bag Mockup,Brown-Paper-Bag-MockUp.psdt,Phase 1 - Delivered
Graphic Burger,Print,Enamel Mug Mockups,Enamel-Mug-PSD-MockUp.psdt,Phase 1 - Delivered
Thomas Subtil,Photo,Flamingo on the Pier Composite,Flamingo.psdt,Phase 1 - Delivered
Thomas Subtil,Photo,Hakuna Matata Giraffes,HakunaMatataGiraffes.psdt,Phase 1 - Delivered
Thomas Subtil,Photo,Hakuna Matata Zebra Composite,HakunaMatataZebra.psdt,Phase 1 - Delivered
Supercrowds,Mobile,Dual Mobile Mockup,3D_Nexus5x.psdt,Phase 1 - Delivered
Supercrowds,Mobile,Tablet Mockups,3D_iPad.psdt,Phase 1 - Delivered
Supercrowds,Mobile,White iPhone-Compatible Mockup,3D_iPhone_Color.psdt,Phase 1 - Delivered
Rule By Art,Art and Illustration,Pulse Textures,Pulse.psdt,Phase 1 - Delivered
Graphic Burger,Art and Illustration,Chalkboard Mockup,ChalkboardMockup.psdt,Phase 1 - Delivered
Graphic Burger,Art and Illustration,Sketchbook Mockup,SketchbookMockUp.psdt,Phase 1 - Delivered
Creativedash,Web,Laptop Workspace Mockup,presentation-mockup-macbookpro.psdt,Phase 1 - Delivered
Motionworks,Film and Video,Sports Title Graphics,SportTitles.psdt,Phase 1 - Delivered
Motionworks,Film and Video,Sports Bugs Set,SportBugs.psdt,Phase 1 - Delivered
Motionworks,Film and Video,Awards Night Title Graphics,AwardNight.psdt,Phase 1 - Delivered
83 Oranges,Print,Botanical Business Card,BotanicalBusinessCard.psdt,Phase 1 - Delivered
83 Oranges,Print,Fig Business Card,WatercolorFigBusinessCard.psdt,Phase 1 - Delivered
83 Oranges,Print,Flamingo Business Card,FlamingoBusinessCard.psdt,Phase 1 - Delivered
83 Oranges,Print,Paper Marble Pattern Business Card,PaperMarbleBusinessCardTemplate.psdt,Phase 1 - Delivered
Graphic Burger,Print,Beer Bottle Mockups,Beer-Bottle-MockUp.psdt,Phase 2
Graphic Burger,Print,Retail Branding Scene Mockup,Branding-Scene-MockUp-2.psdt,Phase 2
Graphic Burger,Print,Stationery Branding Scene Mockup,Branding-Scene-MockUp.psdt,Phase 2
Graphic Burger,Print,Unwrapped Business Cards Mockup,Business-Cards-MockUp.psdt,Phase 2
Supercrowds,Print,Multiple Business Cards Mockups,BusinessCard.psdt,Phase 2
Creativedash,Art and Illustration,City Building Kit,city-building-kit.psdt,Phase 2
Graphic Burger,Print,Coffee Cup Mockups,Coffee-Cup-PSD-MockUp.psdt,Phase 2
Motionworks,Film and Video,Corporate Title Graphics,CorporateTV.psdt,Phase 1 - Delivered
Graphic Burger,Print,Cosmetics Mockups,Cosmetics-Packaging-PSD-MockUp.psdt,Phase 2
Motionworks,Film and Video,Event Bugs Set,EventBugs.psdt,Phase 2
Motionworks,Film and Video,Event Lower Thirds Set,EventLowerThirds.psdt,Phase 1 - Delivered
Motionworks,Film and Video,Event Overlay Graphics,EventOverlays.psdt,Phase 1 - Delivered
Graphic Burger,Print,Card and Envelope Mockup,Greeting-Card-PSD-MockUp.psdt,Phase 1 - Delivered
Creativedash,Mobile,Hand and Mobile Mockup,hand-and-mobile-mockups.psdt,Phase 2
Graphic Burger,Print,ID Card Mockups,ID-Card-PSD-MockUp.psdt,Phase 2
Guuver,Print,Indie Rock Newspaper Style Flyer,IndieRockNewspaperStyleFlyer.psdt,Phase 1 - Delivered
Creativedash,Photo,Instant Film Mockups,instant-film.psdt,Phase 2
Graphic Burger,Photo,Leaning Poster Frame mockup,LeaningPosterFrameMockup.psdt,Phase 2
Motionworks,Film and Video,Lifestyle Title Graphics,LifestyleTV.psdt,Phase 2
Graphic Burger,Print,Magazine Mockup,Magazine-MockUp-PSD.psdt,Phase 2
Supercrowds,Print,Book Mockups,Magazine.psdt,Phase 2
Guuver,Print,Minimal Food Menu,MinimalFoodMenu.psdt,Phase 1 - Delivered
Creativedash,Photo,Modern Album Collage,modern-album.psdt,Phase 2
Motionworks,Film and Video,News Today Title Graphics,NewsToday.psdt,Phase 1 - Delivered
Guuver,Print,Live Music Flyer,OldVintageJazzMusicFlyer.psdt,Phase 1 - Delivered
Guuver,Print,Old Retro Music Flyer,OldVintageMusicConcertFlyer.psdt,Phase 1 - Delivered
Graphic Burger,Print,A4 Papers and Clipboard Mockup,Papers-and-Clipboard-MockUp.psdt,Phase 2
Creativedash,Photo,Photo Album Collage,photo-album-collage.psdt,Phase 2
Creativedash,Photo,Photo Album Presentation,photo-album-presentation.psdt,Phase 2
Creativedash,Art and Illustration,Desktop Presentation Scene,presentation-mockup-environmental.psdt,Phase 2
Owen Jones,Print,Modern Business Card,PS_BusinessCard.psdt,Phase 1 - Delivered
Owen Jones,Print,Modern Ad Layout,PS_CCDesignTemplates_FullPageAd.psdt,Phase 2
Owen Jones,Print,Modern Envelope Layout,PS_Envelope.psdt,Phase 1 - Delivered
Owen Jones,Print,Modern Letterhead,PS_Letterhead.psdt,Phase 2
Adobe Stock,Print,Simple Event Poster,SimplePosterTemplate.psdt,Phase 2
Graphic Burger,Print,Street Billboard Mockup,Street-Billboard-PSD-MockUp.psdt,Phase 2
Thomas Subtil,Photo,Twisted Flamingos Composite,TwistedFlamingos.psdt,Phase 1 - Delivered
Graphic Burger,Photo,Hanging Poster Frame Mockup,WallHangingPosterFrameMockup.psdt,Phase 2
Graphic Burger,Print,Women's T-Shirt Mockups,Woman-T-Shirt-MockUp.psdt,Phase 2
Creativedash,Mobile,Aroma UI Kit,iphone-uikit-b,Phase 1 - Delivered
Creativedash,Mobile,Auburn UI Kit,iphone-uikit-a.psdt,Phase 3
Creativedash,Mobile,Basic Product UI Kit,platform-agnostic-uikit.psdt,Phase 3
Creativedash,Mobile,Travel UI kit,android-ui-kit.psdt,Phase 3
Creativedash,Web,Elegant Responsive Page Layout,responsive-landing-page-ui-kit.psdt,Phase 3
Creativedash,Web,Shasta responsive Page Layout,responsive-company-page-uikit.psdt,Phase 3
Creativedash,Web,Simple Blocks Wireframe Kit,BlocksWireframeKit_Simple.psdt,Phase 1 - Delivered
Design Spoon,Art and Illustration,Halftones Texture Pack,HandmadeHalftoneTextures.psdt,Phase 3
Design Spoon,Art and Illustration,Marker Strokes Set,MarkerStrokesSet.psdt,Phase 3
Design Spoon,Art and Illustration,Textile Textures Pack,TextileTextures.psdt,Phase 3
Graphic Burger,Web,Designer Desk Mockups,Designer-Desk-MockUps.psdt,Phase 3
Owen Jones,Web,Modern Banner Layouts,PS_CCDesignTemplates_Banners.psdt,Phase 3
Owen Jones,Web,Social Media Layouts,PS_CCDesignTemplates_Social,Phase 1 - Delivered
Pixel Buddha,Art and Illustration,Enchanted Watercolor Kit,elements.psdt,Phase 3
Pixel Buddha,Mobile,Vanilla Mobile Kit,VanillaMobileKit.psdt,Phase 3
Pixel Buddha,Web,Vanilla Desktop Kit,VanillaDesktopKit.psdt,Phase 3
Rule By Art,Art and Illustration,Vertigo Collection,Vertigo.psdt,Phase 3
Owen Jones ,Print,Modern Tri-fold Brochure,PS_CCDesignTemplates_Trifold.psdt,Phase 3
Collective Offset,Photo,Vintage Instant Film Effects,VINTAGE_POLAROID_EFECTS.psdt,Phase 3
Creativedash,Mobile,Coolbrand UI Kit,iPhoneUIKitC.psdt,Phase 3
Design Spoon,Art and Illustration,Grunge Paper Textures,GrungePaperTextures.psdt,Phase 3
Owen Jones,Web,Modern Website Layout,PS_CCDesignTemplates_Website.psdt,Phase 3
Creativedash,Print,Professional Trifold Brochures,Brochure.psdt,Phase 3